question_id,expected,population,included_in_calibration,gate_score,gold_score_diagnostic,selected_threshold,predicted_refuse
FL01,answer,answer,true,0.865612547495282,0.865612547495282,0.7792718520928509,false
FL02,answer,answer,true,0.8668151202981025,0.8668151202981025,0.7792718520928509,false
FL03,answer,answer,true,0.8581226500617214,0.8581226500617214,0.7792718520928509,false
FL04,answer,answer,true,0.8642588116581295,0.8589460078899998,0.7792718520928509,false
FL05,answer,answer,true,0.8012534982161421,0.7789218655425061,0.7792718520928509,false
FL06,answer,answer,true,0.8878266666343033,0.8878266666343033,0.7792718520928509,false
FL07,answer,answer,true,0.8569421947097915,0.8569421947097915,0.7792718520928509,false
FL08,answer,answer,true,0.810490752818736,0.7947587240213021,0.7792718520928509,false
FL09,answer,answer,true,0.8433527112062045,0.8433527112062045,0.7792718520928509,false
FL10,answer,answer,true,0.9158319960994566,0.9158319960994566,0.7792718520928509,false
FL11,answer,answer,true,0.8268435601652655,0.8268435601652655,0.7792718520928509,false
FL12,answer,answer,true,0.8308638105949651,0.8308638105949651,0.7792718520928509,false
FL13,answer,answer,true,0.8383211872161601,0.8198139442791268,0.7792718520928509,false
FL14,answer,answer,true,0.8204102832438156,0.6890889716570833,0.7792718520928509,false
FL15,answer,answer,true,0.8580555751086874,0.8580555751086874,0.7792718520928509,false
CN01,answer,answer,true,0.8789839436018012,0.8789839436018012,0.7792718520928509,false
CN02,answer,answer,true,0.8667192930704961,0.8667192930704961,0.7792718520928509,false
CN03,answer,answer,true,0.8571605810068607,0.8571605810068607,0.7792718520928509,false
CN04,answer,answer,true,0.8542822037569272,0.8542822037569272,0.7792718520928509,false
PR01,answer,answer,true,0.8681706074532363,0.8365448180053263,0.7792718520928509,false
PR02,answer,answer,true,0.8123439985936087,0.8123439985936087,0.7792718520928509,false
PR03,answer,answer,true,0.841120489507275,0.8306787152546304,0.7792718520928509,false
PR04,answer,answer,true,0.8195974843068037,0.8019548089338884,0.7792718520928509,false
PR05,answer,answer,true,0.8642670471386023,0.8642670471386023,0.7792718520928509,false
PR06,answer,answer,true,0.8262452810532241,0.8262452810532241,0.7792718520928509,false
CD01,answer,answer,true,0.8364526865919604,0.8364526865919604,0.7792718520928509,false
CD02,answer,answer,true,0.8453043027310352,0.8453043027310352,0.7792718520928509,false
CD03,answer,answer,true,0.8309753220075355,0.8205038407446019,0.7792718520928509,false
TR01,refuse,scored_trap,true,0.7792718520928508,,0.7792718520928509,true
TR02,refuse,excluded_trap,false,0.7675266230855678,,0.7792718520928509,true
TR03,refuse,scored_trap,true,0.7724093968514165,,0.7792718520928509,true
TR04,refuse,scored_trap,true,0.7780620925196177,,0.7792718520928509,true
TR05,refuse,scored_trap,true,0.7577088026949319,,0.7792718520928509,true
TR06,refuse,scored_trap,true,0.7552945907939674,,0.7792718520928509,true
TR07,refuse,scored_trap,true,0.7487373263590936,,0.7792718520928509,true
TR08,refuse,scored_trap,true,0.7548146640308633,,0.7792718520928509,true
ML01,answer,answer,true,0.8339978122550764,0.8177511578650539,0.7792718520928509,false
ML02,answer,answer,true,0.8430529290931432,0.8430529290931432,0.7792718520928509,false
ML03,answer,answer,true,0.8193203735195606,0.8185242229306594,0.7792718520928509,false
