question_id,expected,type,language,review_tier,tier1_reasons,tier2_routes,gold_count,gold_chunk_ids,bm25_first_gold_rank,bm25_gold_ranks,bm25_top20_candidate_miss,bm25_top5,vector_first_gold_rank,vector_gold_ranks,vector_top20_candidate_miss,vector_top5,hybrid_first_gold_rank,hybrid_gold_ranks,hybrid_top20_candidate_miss,hybrid_top5,query_tokens,lexical_overlap_with_gold,multilingual,human_failure_tag,human_failure_note
FL08,answer,fact_lookup,en,TIER2,,vector,1,QMM:p57:1,1,1,False,"1:QMM:p57:1(raw=20.481468910714653,rel=0.671931820960083,match=0.671931820960083) ; 2:TACM:p34:1(raw=15.372802795404324,rel=0.6058772032149613,match=0.6058772032149613) ; 3:TACM:p32:1(raw=15.310250823627996,rel=0.6049031647420636,match=0.6049031647420636) ; 4:CRM:p80:1(raw=14.322955993727518,rel=0.5888657611114853,match=0.5888657611114853) ; 5:QMM:p83:0(raw=14.318370628295419,rel=0.5887882394404915,match=0.5887882394404915)",7,7,False,"1:QMM:p83:2(raw=0.6209815056374718,rel=0.810490752818736,match=0.810490752818736) ; 2:QMM:p79:1(raw=0.6050232808697152,rel=0.8025116404348576,match=0.8025116404348576) ; 3:QMM:p84:0(raw=0.6049105063161785,rel=0.8024552531580893,match=0.8024552531580893) ; 4:CRM:p57:1(raw=0.6015914490318827,rel=0.8007957245159414,match=0.8007957245159414) ; 5:QMM:p73:0(raw=0.6001442525868571,rel=0.8000721262934285,match=0.8000721262934285)",2,2,False,"1:QMM:p83:2(raw=127/4026,rel=0.9621212121212122,match=0.810490752818736) [bm25=6 vector=1] ; 2:QMM:p57:1(raw=128/4087,rel=0.9552238805970149,match=0.7947587240213021) [bm25=1 vector=7] ; 3:QMM:p83:0(raw=139/4810,rel=0.8813929313929314,match=0.7824180208296678) [bm25=5 vector=14] ; 4:QMM:p84:0(raw=20/693,rel=0.8802308802308803,match=0.8024552531580893) [bm25=17 vector=3] ; 5:QMM:p57:2(raw=143/5110,rel=0.8535225048923679,match=0.7897879350817604) [bm25=13 vector=10]",how often must internal auditors undergo a refresher course,QMM:p57:1: a auditors course internal refresher undergo,False,PENDING_HUMAN,
FL14,answer,fact_lookup,en,TIER1,top20_candidate_miss:vector,hybrid,1,SMM:p15:3,5,5,False,"1:SMM:p75:0(raw=26.95707688122724,rel=0.7294158292838466,match=0.7294158292838466) ; 2:SMM:p75:2(raw=25.37060971157691,rel=0.717279400000646,match=0.717279400000646) ; 3:SMM:p94:1(raw=24.228696144686726,rel=0.7078474751790309,match=0.7078474751790309) ; 4:SMM:p17:2(raw=22.58470614989282,rel=0.693107559294872,match=0.693107559294872) ; 5:SMM:p15:3(raw=22.163542262549086,rel=0.6890889716570833,match=0.6890889716570833)",,,True,"1:SMM:p75:0(raw=0.6408205664876313,rel=0.8204102832438156,match=0.8204102832438156) ; 2:SMM:p75:2(raw=0.613560470278462,rel=0.806780235139231,match=0.806780235139231) ; 3:SMM:p76:2(raw=0.583936905382611,rel=0.7919684526913056,match=0.7919684526913056) ; 4:SMM:p72:2(raw=0.5726665746231628,rel=0.7863332873115814,match=0.7863332873115814) ; 5:SMM:p74:1(raw=0.553997452390067,rel=0.7769987261950335,match=0.7769987261950335)",13,13,False,"1:SMM:p75:0(raw=2/61,rel=1.0,match=0.8204102832438156) [bm25=1 vector=1] ; 2:SMM:p75:2(raw=1/31,rel=0.9838709677419355,match=0.806780235139231) [bm25=2 vector=2] ; 3:SMM:p17:2(raw=65/2112,rel=0.9386837121212122,match=0.7750134059916287) [bm25=4 vector=6] ; 4:SMM:p94:1(raw=131/4284,rel=0.93265639589169,match=0.7700296612558162) [bm25=3 vector=8] ; 5:SMM:p72:2(raw=131/4288,rel=0.9317863805970149,match=0.7863332873115814) [bm25=7 vector=4]",on tankers what oxygen content defines an atmosphere as inert gas,SMM:p15:3: an as content gas inert on oxygen tankers,False,PENDING_HUMAN,
CN02,answer,concept,en,TIER2,,bm25,1,SMM:p20:0,7,7,False,"1:QMM:p1:0(raw=20.50274097921642,rel=0.6721606098673665,match=0.6721606098673665) ; 2:QMM:p14:0(raw=19.26792384590027,rel=0.6583290276190615,match=0.6583290276190615) ; 3:QMM:p97:0(raw=18.94536490874463,rel=0.6545215432064247,match=0.6545215432064247) ; 4:SMM:p21:0(raw=18.80777557112283,rel=0.6528714973042178,match=0.6528714973042178) ; 5:SMM:p40:0(raw=17.969084578707214,rel=0.6424623776348772,match=0.6424623776348772)",1,1,False,"1:SMM:p20:0(raw=0.7334385861409921,rel=0.8667192930704961,match=0.8667192930704961) ; 2:SMM:p21:0(raw=0.6821524375607283,rel=0.8410762187803642,match=0.8410762187803642) ; 3:SMM:p1:0(raw=0.6696404366725224,rel=0.8348202183362612,match=0.8348202183362612) ; 4:QMM:p97:0(raw=0.6562990650604678,rel=0.8281495325302339,match=0.8281495325302339) ; 5:SMM:p20:1(raw=0.647185800289274,rel=0.8235929001446369,match=0.8235929001446369)",3,3,False,"1:SMM:p21:0(raw=63/1984,rel=0.9684979838709677,match=0.8410762187803642) [bm25=4 vector=2] ; 2:QMM:p97:0(raw=127/4032,rel=0.9606894841269841,match=0.8281495325302339) [bm25=3 vector=4] ; 3:SMM:p20:0(raw=128/4087,rel=0.9552238805970149,match=0.8667192930704961) [bm25=7 vector=1] ; 4:SMM:p1:0(raw=43/1386,rel=0.9462481962481962,match=0.8348202183362612) [bm25=6 vector=3] ; 5:SMM:p27:0(raw=139/4824,rel=0.8788349917081261,match=0.8204458531783623) [bm25=12 vector=7]",what is a risk assessment in the context of the safety management system,SMM:p20:0: a assessment in is management of risk safety the,False,PENDING_HUMAN,
CN03,answer,concept,en,TIER1,designated:prereg §8.2：CN03_CITATION_LOGIC = ANNOTATION_CONFLICT_REQUIRES_HUMAN_REVIEW（标注冲突，不是检索失败指定）,,2,ERM:p14:0;QMM:p46:1,2,2,False,"1:QMM:p47:0(raw=18.584432564313722,rel=0.6501592264425596,match=0.6501592264425596) ; 2:ERM:p14:0(raw=15.071223891579994,rel=0.6011363448691296,match=0.6011363448691296) ; 3:ERM:p33:1(raw=15.003108253636654,rel=0.6000497258757611,match=0.6000497258757611) ; 4:ERM:p105:0(raw=14.203930902343087,rel=0.586843970082895,match=0.586843970082895) ; 5:ERM:p67:0(raw=13.884056885068278,rel=0.5813106605749314,match=0.5813106605749314)",1,1,False,"1:ERM:p14:0(raw=0.7143211620137213,rel=0.8571605810068607,match=0.8571605810068607) ; 2:QMM:p47:0(raw=0.6617666040232294,rel=0.8308833020116146,match=0.8308833020116146) ; 3:ERM:p34:3(raw=0.659082334991206,rel=0.829541167495603,match=0.829541167495603) ; 4:CMM:p87:0(raw=0.6500878648568438,rel=0.8250439324284219,match=0.8250439324284219) ; 5:ERM:p124:3(raw=0.641980686918044,rel=0.820990343459022,match=0.820990343459022)",1,1,False,"1:ERM:p14:0(raw=123/3782,rel=0.9919354838709677,match=0.8571605810068607) [bm25=2 vector=1] ; 2:QMM:p47:0(raw=123/3782,rel=0.9919354838709677,match=0.8308833020116146) [bm25=1 vector=2] ; 3:ERM:p33:1(raw=137/4662,rel=0.8962891462891462,match=0.7935038083128092) [bm25=3 vector=14] ; 4:ERM:p55:0(raw=29/1050,rel=0.8423809523809523,match=0.8052409305486397) [bm25=15 vector=10] ; 5:ERM:p13:0(raw=37/1368,rel=0.8249269005847953,match=0.7969612161714065) [bm25=16 vector=12]",what is the role of the dpa when an emergency occurs onboard,ERM:p14:0: an dpa emergency is of the | QMM:p46:1: emergency of onboard role the,False,PENDING_HUMAN,
CN04,answer,concept,en,TIER2,,bm25,1,SMM:p38:0,9,9,False,"1:SMM:p43:1(raw=20.559556473087042,rel=0.6727701199195504,match=0.6727701199195504) ; 2:SMM:p64:1(raw=20.416463642194483,rel=0.6712306822503932,match=0.6712306822503932) ; 3:SMM:p86:2(raw=18.849733701127047,rel=0.653376349896452,match=0.653376349896452) ; 4:SMM:p85:0(raw=18.78213880146005,rel=0.6525623036918742,match=0.6525623036918742) ; 5:SMM:p37:0(raw=18.77145008302696,rel=0.652433229081517,match=0.652433229081517)",1,1,False,"1:SMM:p38:0(raw=0.7085644075138544,rel=0.8542822037569272,match=0.8542822037569272) ; 2:SMM:p39:0(raw=0.6672579009733891,rel=0.8336289504866945,match=0.8336289504866945) ; 3:SMM:p37:0(raw=0.6585983496608956,rel=0.8292991748304478,match=0.8292991748304478) ; 4:SMM:p86:2(raw=0.6117857037141204,rel=0.8058928518570603,match=0.8058928518570603) ; 5:SMM:p43:1(raw=0.593828804478412,rel=0.7969144022392061,match=0.7969144022392061)",4,4,False,"1:SMM:p43:1(raw=126/3965,rel=0.9692307692307692,match=0.7969144022392061) [bm25=1 vector=5] ; 2:SMM:p86:2(raw=127/4032,rel=0.9606894841269841,match=0.8058928518570603) [bm25=3 vector=4] ; 3:SMM:p37:0(raw=128/4095,rel=0.9533577533577534,match=0.8292991748304478) [bm25=5 vector=3] ; 4:SMM:p38:0(raw=130/4209,rel=0.9420289855072463,match=0.8542822037569272) [bm25=9 vector=1] ; 5:SMM:p64:1(raw=67/2232,rel=0.9155465949820788,match=0.7527716489163344) [bm25=2 vector=12]",what is the purpose of a toolbox meeting before a job,SMM:p38:0: a is meeting of the toolbox,False,PENDING_HUMAN,
PR01,answer,procedure,en,TIER2,,bm25,2,ERM:p103:1;ERM:p103:2,19,19,False,"1:ERM:p103:0(raw=29.585056602023062,rel=0.7473794189424267,match=0.7473794189424267) ; 2:ERM:p104:0(raw=22.18534965749997,rel=0.6892996314654063,match=0.6892996314654063) ; 3:ERM:p86:0(raw=22.169731662463686,rel=0.6891487903932935,match=0.6891487903932935) ; 4:ERM:p93:0(raw=20.63223229669672,rel=0.6735464819167499,match=0.6735464819167499) ; 5:ERM:p106:0(raw=20.502565932497536,rel=0.6721587284777912,match=0.6721587284777912)",4,4;12,False,"1:ERM:p103:0(raw=0.7363412149064724,rel=0.8681706074532363,match=0.8681706074532363) ; 2:ERM:p85:0(raw=0.6854440314166457,rel=0.8427220157083228,match=0.8427220157083228) ; 3:ERM:p104:0(raw=0.6829216377423031,rel=0.8414608188711515,match=0.8414608188711515) ; 4:ERM:p103:1(raw=0.6730896360106526,rel=0.8365448180053263,match=0.8365448180053263) ; 5:ERM:p107:0(raw=0.6725734288399257,rel=0.8362867144199628,match=0.8362867144199628)",4,4,False,"1:ERM:p103:0(raw=2/61,rel=1.0,match=0.8681706074532363) [bm25=1 vector=1] ; 2:ERM:p104:0(raw=125/3906,rel=0.9760624679979518,match=0.8414608188711515) [bm25=2 vector=3] ; 3:EMM:p74:0(raw=35/1224,rel=0.872140522875817,match=0.8314123205693299) [bm25=12 vector=8] ; 4:ERM:p103:1(raw=143/5056,rel=0.8626384493670886,match=0.8365448180053263) [bm25=19 vector=4] ; 5:ERM:p98:0(raw=143/5110,rel=0.8535225048923679,match=0.8268390810523907) [bm25=13 vector=10]",what immediate actions must be taken in the event of a man overboard,ERM:p103:1: a in man of overboard the | ERM:p103:2: a actions in man of taken the,False,PENDING_HUMAN,
PR03,answer,procedure,en,TIER1,top20_candidate_miss:bm25,hybrid,2,CMM:p74:1;CMM:p74:2,,,True,"1:CMM:p16:2(raw=17.716617184498073,rel=0.6392056096372032,match=0.6392056096372032) ; 2:EMM:p101:1(raw=17.25665808666773,rel=0.6331171646867676,match=0.6331171646867676) ; 3:CMM:p51:0(raw=16.595461795163594,rel=0.6239960006327655,match=0.6239960006327655) ; 4:CMM:p51:2(raw=15.064180691791822,rel=0.6010242615560594,match=0.6010242615560594) ; 5:CMM:p42:2(raw=15.004545292004844,rel=0.6000727114522862,match=0.6000727114522862)",4,4;5,False,"1:CMM:p74:0(raw=0.68224097901455,rel=0.841120489507275,match=0.841120489507275) ; 2:CMM:p74:3(raw=0.6749402810039661,rel=0.8374701405019831,match=0.8374701405019831) ; 3:CMM:p72:2(raw=0.6645193661301603,rel=0.8322596830650801,match=0.8322596830650801) ; 4:CMM:p74:1(raw=0.6613574305092609,rel=0.8306787152546304,match=0.8306787152546304) ; 5:CMM:p74:2(raw=0.6570218587061123,rel=0.8285109293530561,match=0.8285109293530561)",9,9;11,False,"1:CMM:p74:0(raw=127/4026,rel=0.9621212121212122,match=0.841120489507275) [bm25=6 vector=1] ; 2:EMM:p101:1(raw=32/1023,rel=0.9540566959921799,match=0.8145447681887366) [bm25=2 vector=6] ; 3:CMM:p51:2(raw=131/4288,rel=0.9317863805970149,match=0.810157242810131) [bm25=4 vector=7] ; 4:CMM:p72:2(raw=19/630,rel=0.9198412698412698,match=0.8322596830650801) [bm25=10 vector=3] ; 5:CMM:p15:1(raw=142/5037,rel=0.8598372046853285,match=0.7903637014287657) [bm25=9 vector=13]",what is the procedure for a seafarer to raise and escalate a grievance,CMM:p74:1: a and is seafarer the to | CMM:p74:2: a and for is seafarer the to,False,PENDING_HUMAN,
PR04,answer,procedure,en,TIER1,top20_candidate_miss:bm25,hybrid,1,SMM:p35:1,,,True,"1:SMM:p35:0(raw=32.72397751502192,rel=0.7659393955891873,match=0.7659393955891873) ; 2:SMM:p85:2(raw=29.93444427672733,rel=0.7495896041346012,match=0.7495896041346012) ; 3:SMM:p66:0(raw=24.90300754997519,rel=0.7134917389086974,match=0.7134917389086974) ; 4:SMM:p68:0(raw=24.863776024530093,rel=0.7131693367647836,match=0.7131693367647836) ; 5:SMM:p31:0(raw=24.697639969088282,rel=0.7117959605059916,match=0.7117959605059916)",2,2,False,"1:SMM:p35:0(raw=0.6391949686136075,rel=0.8195974843068037,match=0.8195974843068037) ; 2:SMM:p35:1(raw=0.6039096178677769,rel=0.8019548089338884,match=0.8019548089338884) ; 3:SMM:p81:0(raw=0.5801021509208136,rel=0.7900510754604069,match=0.7900510754604069) ; 4:SMM:p85:2(raw=0.5601596633321327,rel=0.7800798316660664,match=0.7800798316660664) ; 5:SMM:p84:0(raw=0.5561145253723245,rel=0.7780572626861623,match=0.7780572626861623)",10,10,False,"1:SMM:p35:0(raw=2/61,rel=1.0,match=0.8195974843068037) [bm25=1 vector=1] ; 2:SMM:p85:2(raw=63/1984,rel=0.9684979838709677,match=0.7800798316660664) [bm25=2 vector=4] ; 3:SMM:p84:0(raw=131/4290,rel=0.9313519813519814,match=0.7780572626861623) [bm25=6 vector=5] ; 4:SMM:p66:0(raw=134/4473,rel=0.9137044489157166,match=0.7614471695277287) [bm25=3 vector=11] ; 5:SMM:p36:0(raw=2/67,rel=0.9104477611940298,match=0.7725101129872625) [bm25=7 vector=7]",according to the permit to work numbering convention table in smm 2 3 which jobs require a permit to work,SMM:p35:1: jobs to work,False,PENDING_HUMAN,
CD01,answer,cross_doc,en,TIER1,designated:执行手册 S8.4：CD01 的单独观察结果打出来了,,5,ERM:p105:0;ERM:p105:1;SMM:p73:0;SMM:p73:1;SMM:p74:0,1,1;8;10;11;12,False,"1:SMM:p73:1(raw=44.89285286204485,rel=0.8178269213820656,match=0.8178269213820656) ; 2:SMM:p85:2(raw=42.960673887182644,rel=0.8111806503576201,match=0.8111806503576201) ; 3:SMM:p84:0(raw=41.50153283598976,rel=0.8058310219261686,match=0.8058310219261686) ; 4:SMM:p73:3(raw=36.77081748424094,rel=0.7861914642956707,match=0.7861914642956707) ; 5:SMM:p36:0(raw=36.44498185790368,rel=0.7846914865723374,match=0.7846914865723374)",1,1;3;5;8;10,False,"1:SMM:p73:1(raw=0.6729053731839207,rel=0.8364526865919604,match=0.8364526865919604) ; 2:SMM:p84:0(raw=0.65380614259758,rel=0.8269030712987899,match=0.8269030712987899) ; 3:ERM:p105:0(raw=0.6498219730667534,rel=0.8249109865333767,match=0.8249109865333767) ; 4:SMM:p85:2(raw=0.6388561952875641,rel=0.819428097643782,match=0.819428097643782) ; 5:SMM:p73:0(raw=0.6378087454081792,rel=0.8189043727040897,match=0.8189043727040897)",1,1;4;6;7;8,False,"1:SMM:p73:1(raw=2/61,rel=1.0,match=0.8364526865919604) [bm25=1 vector=1] ; 2:SMM:p84:0(raw=125/3906,rel=0.9760624679979518,match=0.8269030712987899) [bm25=3 vector=2] ; 3:SMM:p85:2(raw=63/1984,rel=0.9684979838709677,match=0.819428097643782) [bm25=2 vector=4] ; 4:ERM:p105:0(raw=131/4284,rel=0.93265639589169,match=0.8249109865333767) [bm25=8 vector=3] ; 5:SMM:p36:0(raw=134/4485,rel=0.9112597547380156,match=0.8016367376919418) [bm25=5 vector=9]",for enclosed space work what is the maximum validity period of the entry permit and which checklist governs it and if a person collapses inside what is the first action to take and the key rule for the rescue team,ERM:p105:0: a action and enclosed entry first for is of rescue space the to | ERM:p105:1: and enclosed entry for if is of rescue space team the to | SMM:p73:0: a and checklist enclosed entry if permit space the work | SMM:p73:1: a and checklist enclosed entry for if is of period permit person space team the to validity which | SMM:p74:0: a and enclosed entry for if maximum of permit rescue space the to,False,PENDING_HUMAN,
CD03,answer,cross_doc,en,TIER2,,bm25,2,FMM:p38:2;SMM:p35:2,8,8;12,False,"1:SMM:p29:0(raw=38.96771164942119,rel=0.7957837999130146,match=0.7957837999130146) ; 2:CMM:p46:1(raw=34.42347066797161,rel=0.7748937701256694,match=0.7748937701256694) ; 3:SMM:p85:2(raw=31.30715113645992,rel=0.757911167319078,match=0.757911167319078) ; 4:QMM:p28:0(raw=29.922807721063485,rel=0.7495166154177091,match=0.7495166154177091) ; 5:SMM:p36:0(raw=28.780157178804924,rel=0.7421361663416505,match=0.7421361663416505)",2,2;8,False,"1:SMM:p29:0(raw=0.6619506440150712,rel=0.8309753220075355,match=0.8309753220075355) ; 2:FMM:p38:2(raw=0.6410076814892037,rel=0.8205038407446019,match=0.8205038407446019) ; 3:SMM:p36:0(raw=0.6348260790020801,rel=0.81741303950104,match=0.81741303950104) ; 4:SMM:p85:2(raw=0.6131400248064115,rel=0.8065700124032058,match=0.8065700124032058) ; 5:FMM:p38:3(raw=0.6055959482725435,rel=0.8027979741362717,match=0.8027979741362717)",4,4;7,False,"1:SMM:p29:0(raw=2/61,rel=1.0,match=0.8309753220075355) [bm25=1 vector=1] ; 2:SMM:p85:2(raw=127/4032,rel=0.9606894841269841,match=0.8065700124032058) [bm25=3 vector=4] ; 3:SMM:p36:0(raw=128/4095,rel=0.9533577533577534,match=0.81741303950104) [bm25=5 vector=3] ; 4:FMM:p38:2(raw=65/2108,rel=0.9404648956356736,match=0.8205038407446019) [bm25=8 vector=2] ; 5:SMM:p35:0(raw=2/67,rel=0.9104477611940298,match=0.7995037481587854) [bm25=7 vector=7]",a maintenance task on critical equipment will take more than 8 hours what approvals does it require and who is the approving authority for the associated permit to work,FMM:p38:2: 8 a and equipment for hours is it maintenance more on task than the to work | SMM:p35:2: and approving associated authority equipment for is on permit the to work,False,PENDING_HUMAN,
ML01,answer,multilingual,zh,TIER1,top20_candidate_miss:bm25 | designated:执行手册 S8.4：多语种题检索 Recall 单独报；embedder 与生成模型的归因区分必须在 M2 之前做出,,1,CMM:p32:2,,,True,,2,2,False,"1:CMM:p123:1(raw=0.6679956245101529,rel=0.8339978122550764,match=0.8339978122550764) ; 2:CMM:p32:2(raw=0.6355023157301078,rel=0.8177511578650539,match=0.8177511578650539) ; 3:CMM:p124:1(raw=0.614701097059307,rel=0.8073505485296535,match=0.8073505485296535) ; 4:CMM:p21:0(raw=0.5804592641788011,rel=0.7902296320894006,match=0.7902296320894006) ; 5:CMM:p54:2(raw=0.5703614001835052,rel=0.7851807000917526,match=0.7851807000917526)",2,2,False,"1:CMM:p123:1(raw=1/61,rel=0.5,match=0.8339978122550764) [bm25=- vector=1] ; 2:CMM:p32:2(raw=1/62,rel=0.49193548387096775,match=0.8177511578650539) [bm25=- vector=2] ; 3:CMM:p124:1(raw=1/63,rel=0.48412698412698413,match=0.8073505485296535) [bm25=- vector=3] ; 4:CMM:p21:0(raw=1/64,rel=0.4765625,match=0.7902296320894006) [bm25=- vector=4] ; 5:CMM:p54:2(raw=1/65,rel=0.46923076923076923,match=0.7851807000917526) [bm25=- vector=5]",晋升为船长前 大副必须与即将离任的船长并行航行至少多少天,CMM:p32:2: ∅,True,PENDING_HUMAN,
ML02,answer,multilingual,tl,TIER1,top20_candidate_miss:bm25 | designated:执行手册 S8.4：多语种题检索 Recall 单独报；embedder 与生成模型的归因区分必须在 M2 之前做出,,2,QMM:p33:0;QMM:p33:2,,,True,"1:ERM:p40:1(raw=23.77102375802702,rel=0.703888159516541,match=0.703888159516541) ; 2:ERM:p130:2(raw=23.77102375802702,rel=0.703888159516541,match=0.703888159516541) ; 3:ERM:p39:2(raw=22.90889828483951,rel=0.6961308180709651,match=0.6961308180709651) ; 4:CMM:p108:0(raw=22.553947703095925,rel=0.6928175933928594,match=0.6928175933928594) ; 5:ERM:p129:2(raw=22.28040421048467,rel=0.6902145358901051,match=0.6902145358901051)",1,1;2,False,"1:QMM:p33:2(raw=0.6861058581862864,rel=0.8430529290931432,match=0.8430529290931432) ; 2:QMM:p33:0(raw=0.6793230798607703,rel=0.8396615399303852,match=0.8396615399303852) ; 3:QMM:p33:1(raw=0.6303115163350417,rel=0.8151557581675208,match=0.8151557581675208) ; 4:QMM:p33:3(raw=0.6009086138280716,rel=0.8004543069140357,match=0.8004543069140357) ; 5:QMM:p129:1(raw=0.597749491995055,rel=0.7988747459975275,match=0.7988747459975275)",4,4;6,False,"1:QMM:p32:3(raw=69/2380,rel=0.8842436974789916,match=0.7981725751663752) [bm25=10 vector=8] ; 2:QMM:p32:5(raw=140/4899,rel=0.8716064502959787,match=0.793238359310375) [bm25=9 vector=11] ; 3:ERM:p40:1(raw=1/61,rel=0.5,match=0.703888159516541) [bm25=1 vector=-] ; 4:QMM:p33:2(raw=1/61,rel=0.5,match=0.8430529290931432) [bm25=- vector=1] ; 5:ERM:p130:2(raw=1/62,rel=0.49193548387096775,match=0.703888159516541) [bm25=2 vector=-]",gaano kadalas dapat isagawa ang drug test sa mga tripulante sa mga tanker at sa mga non tanker,QMM:p33:0: at drug test | QMM:p33:2: at drug test,True,PENDING_HUMAN,
ML03,answer,multilingual,hi,TIER1,designated:执行手册 S8.4：多语种题检索 Recall 单独报；embedder 与生成模型的归因区分必须在 M2 之前做出,,1,ERM:p14:0,4,4,False,"1:QMM:p47:0(raw=6.284953661909055,rel=0.3859362324505553,match=0.3859362324505553) ; 2:QMM:p69:0(raw=6.252805943209457,rel=0.3847216268414209,match=0.3847216268414209) ; 3:QMM:p45:3(raw=5.984940925121835,rel=0.37441120071428846,match=0.37441120071428846) ; 4:ERM:p14:0(raw=5.719308047978424,rel=0.3638396824161706,match=0.3638396824161706) ; 5:ERM:p20:0(raw=5.662917481202267,rel=0.36154934021701735,match=0.36154934021701735)",2,2,False,"1:ERM:p21:0(raw=0.6386407470391211,rel=0.8193203735195606,match=0.8193203735195606) ; 2:ERM:p14:0(raw=0.6370484458613188,rel=0.8185242229306594,match=0.8185242229306594) ; 3:ERM:p20:0(raw=0.6275515733596708,rel=0.8137757866798354,match=0.8137757866798354) ; 4:ERM:p20:4(raw=0.6087382957095687,rel=0.8043691478547843,match=0.8043691478547843) ; 5:ERM:p20:1(raw=0.5979391248176114,rel=0.7989695624088057,match=0.7989695624088057)",1,1,False,"1:ERM:p14:0(raw=63/1984,rel=0.9684979838709677,match=0.8185242229306594) [bm25=4 vector=2] ; 2:ERM:p20:0(raw=128/4095,rel=0.9533577533577534,match=0.8137757866798354) [bm25=5 vector=3] ; 3:ERM:p21:0(raw=134/4453,rel=0.9178082191780822,match=0.8193203735195606) [bm25=13 vector=1] ; 4:QMM:p81:0(raw=34/1155,rel=0.8978354978354979,match=0.7850069697217836) [bm25=6 vector=10] ; 5:ERM:p20:4(raw=69/2368,rel=0.8887246621621622,match=0.8043691478547843) [bm25=14 vector=4]",आपातकाल के बारे में जानने के बाद मास्टर को dpa को कितने समय के भीतर सूचित करना चाहिए,ERM:p14:0: dpa,True,PENDING_HUMAN,
